"conversation_id_str","created_at","favorite_count","full_text","id_str","image_url","in_reply_to_screen_name","lang","location","quote_count","reply_count","retweet_count","tweet_url","user_id_str","username"
"1793590079954596147","Thu May 23 10:29:33 +0000 2024","0","Pinjaman Tanpa Syarat jika ingin meminjam bisa di scan barkot nya ya atau bisa clik link di bawah ini https://t.co/72I00W1a3l https://t.co/mrTjTs69zl","1793590079954596147","https://pbs.twimg.com/media/GOQcp7xaMAAV4K6.jpg","","in","","0","0","0","https://x.com/Bankai655951/status/1793590079954596147","1739348276670017536","Bankai655951"
"1793500921173057721","Thu May 23 10:28:56 +0000 2024","0","@KromaOrders up slot gacor hari ini ini yang paling gacor yang bisa bikin maxwin cuan banget","1793589926858223949","","KromaOrders","in","LINK GACOR ‚û°Ô∏è","0","0","0","https://x.com/recommendedfor/status/1793589926858223949","733124281572327424","recommendedfor"
"1793479765904830482","Thu May 23 10:28:41 +0000 2024","0","@ubaid252ur up slot gacor hari ini ini yang paling gacor yang bisa bikin maxwin cuan banget","1793589862328856802","","ubaid252ur","in","LINK GACOR ‚û°Ô∏è","0","0","0","https://x.com/recepturk765/status/1793589862328856802","919537353990995968","recepturk765"
"1793459055002005736","Thu May 23 10:28:02 +0000 2024","0","@ubvavb2883 up slot gacor hari ini ini yang paling gacor yang bisa bikin maxwin cuan banget","1793589702161039714","","ubvavb2883","in","LINK GACOR ‚û°Ô∏è","0","0","0","https://x.com/recaidemirkol83/status/1793589702161039714","970310050152509441","recaidemirkol83"
"1793589629482152154","Thu May 23 10:27:45 +0000 2024","0","Octoplay88 New Game Gacor : Rainbow Jackpots Megaways Selalu Memberikan Maxwin yang Terbaik &gt;&gt; Link Join di Bio PP #octoplay88 #loginoctoplay88 #daftaroctoplay88 #linkoctoplay88 #euro2024OCTOPLAY88 #slotgacorindonesia #slotgacorterbaru #slotgacor #CashDrop #RainbowJackpots https://t.co/waXA0UJoHb","1793589629482152154","https://pbs.twimg.com/media/GOQcPgeaoAAUUV_.jpg","","in","Pacitan, Jawa Timur, Indonesia","0","0","0","https://x.com/7_septiamelia/status/1793589629482152154","1793589006053322752","7_septiamelia"
"1793588751865966851","Thu May 23 10:24:16 +0000 2024","0"," JAPAN TANGGAL :KAMIS 23 MEI 2024 RESULT: 0905 SHIO : Tikus Selamat Kepada Pemenang Member SAPITOTO #SAPITOTO #Resulttogelhariini #slotgacor https://t.co/u8AY3gyKOD","1793588751865966851","https://pbs.twimg.com/media/GOQbdY9aQAAmRrl.jpg","","in","","0","0","0","https://x.com/sapitoto1/status/1793588751865966851","1743188423165493248","sapitoto1"
"1793588696111083671","Thu May 23 10:24:03 +0000 2024","0","Pengeluaran JAPAN Hari Ini adalah : Tanggal : KAMIS 23 MEI 2024 Result : 0905 Shio : Tikus Salam Jackpot Kepada Para Pemenang!! #SKYTOGEL #resultJAPAN #pempek","1793588696111083671","","","in","","0","0","0","https://x.com/skytogel1/status/1793588696111083671","1101920728658538496","skytogel1"
"1793588694458491302","Thu May 23 10:24:02 +0000 2024","0","100% PASTI MAXWIN DIJAMIN PASTI CUAN #macauklub #gacor #slot #maxwin klik link : https://t.co/Sc06uWM6w3 https://t.co/7iTa0armTt","1793588694458491302","https://pbs.twimg.com/media/GOQbKdybgAAw-Ml.jpg","","in","","0","0","0","https://x.com/macauklub_cuan/status/1793588694458491302","1646278493255368704","macauklub_cuan"
"1793588672895533514","Thu May 23 10:23:57 +0000 2024","0","Octoplay88 New Game Gacor : Rainbow Jackpots Megaways Selalu Memberikan Maxwin yang Terbaik &gt;&gt; Link Join di Bio PP #octoplay88 #loginoctoplay88 #daftaroctoplay88 #linkoctoplay88 #euro2024OCTOPLAY88 #slotgacorindonesia #slotgacorterbaru #slotgacor #CashDrop #RainbowJackpots https://t.co/PjBxldEIy3","1793588672895533514","https://pbs.twimg.com/media/GOQbXjlaEAAkce7.jpg","","in","tasikmalaya","0","0","0","https://x.com/Fadildil1799752/status/1793588672895533514","1793588089052610560","Fadildil1799752"
"1793588653815726081","Thu May 23 10:23:52 +0000 2024","3","SLOT GACOR HARI INI LINK GACOR : https://t.co/m3XPRpiXAA https://t.co/J2QwEP4CAS","1793588653815726081","https://pbs.twimg.com/ext_tw_video_thumb/1793582490302791680/pu/img/bYjch3Z7Jx9tlNZP.jpg","","in","jepara","0","3","3","https://x.com/brittneeyj/status/1793588653815726081","334325552","brittneeyj"
"1793516165253529951","Thu May 23 10:23:38 +0000 2024","0","@ubvavb2883 up slot gacor hari ini ini yang paling gacor yang bisa bikin maxwin cuan banget","1793588594101350720","","ubvavb2883","in","LINK GACOR ‚û°Ô∏è","0","0","0","https://x.com/realstupidpayne/status/1793588594101350720","1420674854","realstupidpayne"
"1793588568939717088","Thu May 23 10:23:32 +0000 2024","0","RESULT JAPAN 23 MEI 2024 WINNER: 0905 SHIO: TIKUS Link : https://t.co/iy3Fj9owbT Link : https://t.co/usGOuQW4Mh #xinslot #agentogelresmi #judislotonline #livecasinoidn #SlotGacor GRUP TELEGRAM : https://https://t.co/WGcH3tw0Hf Hubungi kami WA : https://t.co/tbNd965sBF https://t.co/Nu0rlIpLpN","1793588568939717088","https://pbs.twimg.com/media/GOQbRCbacAAwxYM.jpg","","in","","0","0","0","https://x.com/xinslotoffcial/status/1793588568939717088","1695696100911611904","xinslotoffcial"
"1793430525803442357","Thu May 23 10:23:23 +0000 2024","0","@udchhaw up slot gacor hari ini ini yang paling gacor yang bisa bikin maxwin cuan banget","1793588531753107653","","udchhaw","in","LINK GACOR ‚û°Ô∏è","0","0","0","https://x.com/recaibenli981/status/1793588531753107653","983961634463993856","recaibenli981"
"1793431265263452539","Thu May 23 10:23:05 +0000 2024","0","@udinnsaj up slot gacor hari ini ini yang paling gacor yang bisa bikin maxwin cuan banget","1793588453332091035","","udinnsaj","in","LINK GACOR ‚û°Ô∏è","0","0","0","https://x.com/realstupidpayne/status/1793588453332091035","1420674854","realstupidpayne"
"1793479384747360447","Thu May 23 10:22:34 +0000 2024","0","@udinnsaj up slot gacor hari ini ini yang paling gacor yang bisa bikin maxwin cuan banget","1793588323417756024","","udinnsaj","in","LINK GACOR ‚û°Ô∏è","0","0","0","https://x.com/Realkingleones/status/1793588323417756024","2239236284","Realkingleones"
"1793482694116155514","Thu May 23 10:22:10 +0000 2024","0","@udchhaw up slot gacor hari ini ini yang paling gacor yang bisa bikin maxwin cuan banget","1793588222473482733","","udchhaw","in","LINK GACOR ‚û°Ô∏è","0","0","0","https://x.com/readuskoffical/status/1793588222473482733","907973134942425089","readuskoffical"
"1793588208581870019","Thu May 23 10:22:06 +0000 2024","0","Hasil Live Pasaran JAPAN pada hari ini adalah : Result : 0905 Shio : TIKUS Link Daftar : https://t.co/aNnA3NPjLH Selamat kepada para pemenang Salam Jackpot ! #Mahirtoto #LiveTogel #resulttogel #mahirtotoslot #slotgacor #togeljitu","1793588208581870019","","","in","Indonesia","0","0","0","https://x.com/dewi_mahirtoto/status/1793588208581870019","1787790339308224512","dewi_mahirtoto"
"1793588144430022983","Thu May 23 10:21:51 +0000 2024","0","5 Cara Bermain Slot Online Gacor Caishens Gold Terpercaya https://t.co/FGU3UBHbNi","1793588144430022983","","","in","","0","0","0","https://x.com/BAGUSSTORE98467/status/1793588144430022983","1780844471049236480","BAGUSSTORE98467"
"1793214111947555048","Thu May 23 10:21:33 +0000 2024","0","@ubaid252ur up slot gacor hari ini ini yang paling gacor yang bisa bikin maxwin cuan banget","1793588069893067015","","ubaid252ur","in","LINK GACOR ‚û°Ô∏è","0","0","0","https://x.com/redikharistadi/status/1793588069893067015","1454682312","redikharistadi"
"1793588007167234466","Thu May 23 10:21:18 +0000 2024","0","Hasil Pengeluaran : JAPAN Tanggal : 23 MEI 2024 Result : 0905 Shio : Tikus Selamat kepada para pemenang!! #LEGOTOTO #RESULTJAPAN #Perong","1793588007167234466","","","in","","0","0","0","https://x.com/legototo88/status/1793588007167234466","1269786784096899073","legototo88"
"1793069666681884886","Thu May 23 10:21:10 +0000 2024","0","@tyu132alexandre up slot gacor hari ini ini yang paling gacor yang bisa bikin maxwin cuan banget","1793587970987221046","","tyu132alexandre","in","LINK GACOR ‚û°Ô∏è","0","0","0","https://x.com/regisjrlol/status/1793587970987221046","3699706577","regisjrlol"
"1793587966285406652","Thu May 23 10:21:09 +0000 2024","2","INFO SLOT GACOR HARI INI LINK GACOR : https://t.co/oUM7qKEU8F https://t.co/ZUbW6XSwrV","1793587966285406652","https://pbs.twimg.com/ext_tw_video_thumb/1793587141819400192/pu/img/YJJKSHWBYjOkLgID.jpg","","in","INDONESIA","0","1","2","https://x.com/TerpercayaGacor/status/1793587966285406652","605910527","TerpercayaGacor"
"1793199381153275927","Thu May 23 10:20:56 +0000 2024","0","@99Dehli up slot gacor hari ini ini yang paling gacor yang bisa bikin maxwin cuan banget","1793587915517513747","","99Dehli","in","LINK GACOR ‚û°Ô∏è","0","0","0","https://x.com/reflectiveformu/status/1793587915517513747","1060037498","reflectiveformu"
"1793587911071519157","Thu May 23 10:20:55 +0000 2024","0","Result pasaran Japan Hari ini 23 Mei 2024 Angka Result : 0905 Shio : Tikus Kami ucapkan selamat kepada para pemenang yang beruntung ! #platinumtogel #Japan #boba","1793587911071519157","","","in","","0","0","0","https://x.com/platinumtogel/status/1793587911071519157","1128100485494239232","platinumtogel"
"1793514183755268391","Thu May 23 10:20:39 +0000 2024","0","@Moli77Officiall up slot gacor hari ini ini yang paling gacor yang bisa bikin maxwin cuan banget","1793587841068650931","","Moli77Officiall","in","LINK GACOR ‚û°Ô∏è","0","0","0","https://x.com/reemi0ggfg899/status/1793587841068650931","776735029884059648","reemi0ggfg899"
"1793587786005848150","Thu May 23 10:20:26 +0000 2024","3","slot gacor hari ini =&gt; https://t.co/fcTaa5Azsf https://t.co/ze6stQRENh","1793587786005848150","https://pbs.twimg.com/ext_tw_video_thumb/1793581655065796608/pu/img/uQbi3yAIpev_DdGl.jpg","","in","jakarta","0","3","3","https://x.com/paskah_stevani/status/1793587786005848150","2541353408","paskah_stevani"
"1793198678250824051","Thu May 23 10:20:25 +0000 2024","0","@slotgacornih81 up slot gacor hari ini ini yang paling gacor yang bisa bikin maxwin cuan banget","1793587781681529106","","slotgacornih81","in","LINK GACOR ‚û°Ô∏è","0","0","0","https://x.com/reemalffffff/status/1793587781681529106","779317598420889600","reemalffffff"
"1793201587277721721","Thu May 23 10:19:55 +0000 2024","0","@infoslotkita72 up slot gacor hari ini ini yang paling gacor yang bisa bikin maxwin cuan banget","1793587657525870902","","infoslotkita72","in","LINK GACOR ‚û°Ô∏è","0","0","0","https://x.com/renan19flash/status/1793587657525870902","332417778","renan19flash"
"1793111185937899789","Thu May 23 10:19:44 +0000 2024","0","@infoslotkita72 up slot gacor hari ini ini yang paling gacor yang bisa bikin maxwin cuan banget","1793587612055466018","","infoslotkita72","in","LINK GACOR ‚û°Ô∏è","0","0","0","https://x.com/remzipolat854/status/1793587612055466018","967886521012453377","remzipolat854"
"1793215283936854509","Thu May 23 10:19:29 +0000 2024","0","@tyty23grillo up slot gacor hari ini ini yang paling gacor yang bisa bikin maxwin cuan banget","1793587549069611393","","tyty23grillo","in","LINK GACOR ‚û°Ô∏è","0","0","0","https://x.com/REMEDIOSHER20/status/1793587549069611393","1364296446","REMEDIOSHER20"
"1793174190209818657","Thu May 23 10:19:09 +0000 2024","0","@infoslotviral21 up slot gacor hari ini ini yang paling gacor yang bisa bikin maxwin cuan banget","1793587465129017740","","infoslotviral21","in","LINK GACOR ‚û°Ô∏è","0","0","0","https://x.com/relyppk01/status/1793587465129017740","722432439646318593","relyppk01"
"1793093812413460820","Thu May 23 10:18:54 +0000 2024","0","@delidolu99mm up slot gacor hari ini ini yang paling gacor yang bisa bikin maxwin cuan banget","1793587400524157202","","delidolu99mm","in","LINK GACOR ‚û°Ô∏è","0","0","0","https://x.com/rektoerker/status/1793587400524157202","2831649470","rektoerker"
"1793175123727716786","Thu May 23 10:18:10 +0000 2024","0","@delidolu99mm up slot gacor hari ini ini yang paling gacor yang bisa bikin maxwin cuan banget","1793587218101219778","","delidolu99mm","in","LINK GACOR ‚û°Ô∏è","0","0","0","https://x.com/ReizqieSetyawan/status/1793587218101219778","2378665160","ReizqieSetyawan"
"1793174628158128549","Thu May 23 10:17:53 +0000 2024","0","@Moli77Officiall up slot gacor hari ini ini yang paling gacor yang bisa bikin maxwin cuan banget","1793587146751959355","","Moli77Officiall","in","LINK GACOR ‚û°Ô∏è","0","0","0","https://x.com/reito5671/status/1793587146751959355","2783732100","reito5671"
"1793069666681884886","Thu May 23 10:17:39 +0000 2024","0","@tyu132alexandre up slot gacor hari ini ini yang paling gacor yang bisa bikin maxwin cuan banget","1793587086710493673","","tyu132alexandre","in","LINK GACOR ‚û°Ô∏è","0","0","0","https://x.com/Reishirecol/status/1793587086710493673","2574426562","Reishirecol"
"1793111185937899789","Thu May 23 10:17:22 +0000 2024","0","@infoslotkita72 up slot gacor hari ini ini yang paling gacor yang bisa bikin maxwin cuan banget","1793587014459359374","","infoslotkita72","in","LINK GACOR ‚û°Ô∏è","0","0","0","https://x.com/Reinzznt/status/1793587014459359374","859356600712253441","Reinzznt"
"1792701670461436342","Thu May 23 10:16:51 +0000 2024","0","@udchhaw up slot gacor hari ini ini yang paling gacor yang bisa bikin maxwin cuan banget","1793586884033290559","","udchhaw","in","LINK GACOR ‚û°Ô∏è","0","0","0","https://x.com/reinerkdale/status/1793586884033290559","994313286551326720","reinerkdale"
"1793586730223947936","Thu May 23 10:16:14 +0000 2024","0","6 Cara Bermain Slot Gacor Asgard Mudah Menang https://t.co/7NaUNYiupa","1793586730223947936","","","in","","0","0","0","https://x.com/BAGUSSTORE98467/status/1793586730223947936","1780844471049236480","BAGUSSTORE98467"
"1793586578197266745","Thu May 23 10:15:38 +0000 2024","4","slot gacor hari ini -&gt;link di bio https://t.co/51SGAIZkc8","1793586578197266745","https://pbs.twimg.com/ext_tw_video_thumb/1793582525757169665/pu/img/1YAlLLZcpAbhI3On.jpg","","in","jakarta pusat ","0","5","3","https://x.com/CrewCuan/status/1793586578197266745","812323295248814080","CrewCuan"
"1793586563034792378","Thu May 23 10:15:34 +0000 2024","0","PREDIKSI TOGEL HONGKONG 23 MEI 2024 ANGKA MAIN : 8 2 5 3 4 COLOK BEBAS 2D : 8 &amp; 2 TOP 4D : 4285*8253*3452*2543 TOP 3D : 253*382*825*328*538 TOP 2D : 28*52*25*82*53*23 SHIO : ANJING ANGKA TWINS : 44 #japaneven #prediksi #slotgacor #yupitoto #angkajitu #harkitnas #Arsenal https://t.co/6SFCqbDrOP","1793586563034792378","https://pbs.twimg.com/media/GOQZd1MbIAAI60Q.png","","in","","0","0","0","https://x.com/yupitoto88/status/1793586563034792378","1746107999226085376","yupitoto88"
"1793391885060538849","Thu May 23 10:11:32 +0000 2024","0","@thejurgenholic @bliblidotcom Tenang ditangan slot drawing bakal gacor kok gak bakal ketemu atlanta","1793585547128299721","","thejurgenholic","in","","0","0","0","https://x.com/Z_BLitZz/status/1793585547128299721","1245621475349901313","Z_BLitZz"
"1793585351786934611","Thu May 23 10:10:45 +0000 2024","5","SLOT GACOR HARI INI LINK GACOR : https://t.co/DetoEw4HNp https://t.co/aUsU6Q5fNu","1793585351786934611","https://pbs.twimg.com/ext_tw_video_thumb/1793582506740207616/pu/img/Vr8W2BNwPzvDNxau.jpg","","in","jakarta pusat ","0","3","4","https://x.com/Crew2024/status/1793585351786934611","816772082084249600","Crew2024"
"1793583320204456428","Thu May 23 10:02:41 +0000 2024","0","RUPIAH89 Situs Slot Online Paling Gacor Terpercaya Gampang Maxwin Minimal Deposit Hanya 5k Cari Kami Di Google Ketik : RUPIAH89 #RUPIAH89 #slotgacor #slotonline #slotdana #slotthailand #slotkamboja #slotvietnam Boba Citilink Suzy Bluebird 2024 M Zakir Naik Cenil Pagiii https://t.co/EyJnneNPVJ","1793583320204456428","https://pbs.twimg.com/media/GOQWgiybsAAO67Z.jpg","","in","","0","0","0","https://x.com/JennyChou89/status/1793583320204456428","1718101422166953984","JennyChou89"
"1793583264072130745","Thu May 23 10:02:27 +0000 2024","0","Menikmati Kemudahan dan Aksesibilitas Slot Demo Gacor https://t.co/gXfy8gR5XH","1793583264072130745","","","in","","0","0","0","https://x.com/okun261012/status/1793583264072130745","1777593881212923904","okun261012"
"1793583186662019098","Thu May 23 10:02:09 +0000 2024","5","SLOT GACOR HARI INI LINK GACOR : https://t.co/midRSAmQEO https://t.co/nojG1REZqo","1793583186662019098","https://pbs.twimg.com/ext_tw_video_thumb/1793583064201019392/pu/img/etxmbuZLbnIlrYuB.jpg","","in","jakarta","0","3","4","https://x.com/casinoslotparis/status/1793583186662019098","820472028071333889","casinoslotparis"
"1793583105816867322","Thu May 23 10:01:50 +0000 2024","0","Perbandingan Slot Demo Gacor di Tayo4d dengan Situs Lain https://t.co/eDRhIyRRx0","1793583105816867322","","","in","","0","0","0","https://x.com/wartawankeren/status/1793583105816867322","1774430209649049600","wartawankeren"
"1793582541523562963","Thu May 23 10:00:21 +0000 2024","0","@slotgacorlx slot gacor yang di jamin cuan di sini aja bosku yuk daftar dan mainkan sekarang juga hanya di paris88","1793582731743687027","","slotgacorlx","in","semarang","0","0","0","https://x.com/slothariini1/status/1793582731743687027","433805674","slothariini1"
"1793582715570458837","Thu May 23 10:00:17 +0000 2024","0","Ô∏è JADWAL BOLA TERLENGKAP WSLOT188 [ JUMAT ] SAKSIKAN DAN DUKUNG TIM KESAYANGAN ANDA Ô∏è #bocoranslot #bocoranslotgacor #bocoranslotgame #bocoranslothariini #slot #slotgacor #slotgacorhariini #Wslot188 #Wslot188gacor https://t.co/fCs0Su9Zw4","1793582715570458837","https://pbs.twimg.com/media/GOQV6wsaoAArXQi.jpg","","in","","0","0","0","https://x.com/WSLOT188_/status/1793582715570458837","1507533154390708224","WSLOT188_"
"1793582652538466670","Thu May 23 10:00:02 +0000 2024","0","Ga bahaya tah Link bermain : https://t.co/h8YilMfyRC di jamin gacornya ga main main #cewekmontok #cewekindonesia #cewecantik #slotgacor #slotgacorhariini #rtphariini https://t.co/cG4eS0Fe7P","1793582652538466670","https://pbs.twimg.com/ext_tw_video_thumb/1793384022330212352/pu/img/cHhjBQErGtDdlKqo.jpg","","in","INDONESIA","0","0","0","https://x.com/maucuan35/status/1793582652538466670","1786070614480191488","maucuan35"
"1793582644225081789","Thu May 23 10:00:00 +0000 2024","0","Berikut Jadwal Pertandingan E-Sports hari ini. Ayo Dukung Tim Favoritmu Hanya di BETSLOTS88. - Dream League - RES Regional Series - EU - Legend Cup #euro2024 #sport #liga #betslots88 #betslot88 #bola #csgo #esports #Dota2 #MLBB #Atalanta #Leverkusen #Kroos #Lookman https://t.co/NiKEYe5brP","1793582644225081789","https://pbs.twimg.com/ext_tw_video_thumb/1793534238882717696/pu/img/lb0d1QYXCOfrWu-u.jpg","","in","","0","0","0","https://x.com/slotlagigacor/status/1793582644225081789","1655031256705560576","slotlagigacor"
"1793582546225381868","Thu May 23 09:59:36 +0000 2024","0","Games Online Seru No.1 Indonesia Yang Bisa Buat Kamu Dapatkan Jackpot Setiap Hari Link In Bio #slot #slotgacor #slotonline #slotpg #slotgames #infoslotgacor #situsgacor #maxwin #rtpgacor #fyp„Ç∑ #fypviraltwitter #Reels #reelsfyp„Ç∑„Çö #instagood #3raja https://t.co/O7aRJYzu9q","1793582546225381868","https://pbs.twimg.com/ext_tw_video_thumb/1793582444228300800/pu/img/7d8iHhhx-GRZyK3s.jpg","","in","INDONESIA","0","0","0","https://x.com/3rajaslot/status/1793582546225381868","1721446231682195456","3rajaslot"
"1793582541523562963","Thu May 23 09:59:35 +0000 2024","4","SLOT GACOR HARI INI LINK GACOR : https://t.co/7Qw4rjkuLR https://t.co/NxgVKtbCT3","1793582541523562963","https://pbs.twimg.com/ext_tw_video_thumb/1793566822702489600/pu/img/_JMvBW2ZgiFzcyof.jpg","","in","jakarta","0","4","3","https://x.com/slotgacorlx/status/1793582541523562963","1905770839","slotgacorlx"
"1793582238967427430","Thu May 23 09:58:23 +0000 2024","0","PREDIKSI TOGEL TOTO MACAU SEASON 3 23 MEI 2024 ANGKA MAIN : 7 0 3 5 2 COLOK BEBAS 2D : 5 &amp; 0 TOP 4D : 2073*7035*5230*0325 TOP 3D : 703*357*507*035*570 TOP 2D : 05*70*30*07*37*50 SHIO : AYAM TWINS : 22 #japaneven #prediksi #slotgacor #yupitoto #angkajitu #harkitnas #Arsenal https://t.co/XFLvfbGz57","1793582238967427430","https://pbs.twimg.com/media/GOQViJ2asAAYLH7.png","","in","","0","0","0","https://x.com/yupitoto88/status/1793582238967427430","1746107999226085376","yupitoto88"
"1793581801539240433","Thu May 23 09:57:27 +0000 2024","0","@plazaza752 bisa ga sih gausah segacor itu gw juga mau kebagian gacornya tolong dong info slot gacor jackpot hari ini terbaru biar gw langsung main di Paris88","1793582005621608549","","plazaza752","in","semarang","0","0","0","https://x.com/slothariini1/status/1793582005621608549","433805674","slothariini1"
"1793581801539240433","Thu May 23 09:56:39 +0000 2024","5","SLOT GACOR HARI INI LINK GACOR : https://t.co/45ISrMNW44 https://t.co/3tSW0SazGu","1793581801539240433","https://pbs.twimg.com/ext_tw_video_thumb/1793566866025463808/pu/img/nPpujvHf8wsiVhcv.jpg","","in","link gacor ","0","5","5","https://x.com/plazaza752/status/1793581801539240433","711254119999279104","plazaza752"
"1793581641417588855","Thu May 23 09:56:01 +0000 2024","0","Pengeluaran MALI Hari Ini adalah : Tanggal : 23 MEI 2024 Result : 2448 Shio : Ular Selamat kepada pemenang member Kocaktogel!#kocaktogel #RESULTMALI #perong","1793581641417588855","","","in","","0","0","0","https://x.com/kocaktogel/status/1793581641417588855","1534545249691127808","kocaktogel"
"1793581592813969478","Thu May 23 09:55:49 +0000 2024","0","Pengeluaran RAMAYANA 16 Hari Ini adalah : Tanggal : 23 MEI 2024 Result : 8793 Shio : Monyet Selamat kepada pemenang member Kocaktogel! #kocaktogel #RESULTRAMAYANA16 #perong","1793581592813969478","","","in","","0","0","0","https://x.com/kocaktogel/status/1793581592813969478","1534545249691127808","kocaktogel"
"1793581291558096926","Thu May 23 09:54:37 +0000 2024","4","INFO SLOT GACOR HARI INI LINK GACOR : https://t.co/oUM7qKEU8F https://t.co/j6KKra57jb","1793581291558096926","https://pbs.twimg.com/ext_tw_video_thumb/1793580200372158465/pu/img/lZz0KpsL3b6NwYXR.jpg","","in","INDONESIA","0","5","4","https://x.com/TerpercayaGacor/status/1793581291558096926","605910527","TerpercayaGacor"
"1793580959914471783","Thu May 23 09:53:18 +0000 2024","4","SLOT GACOR HARI INI LINK GACOR : https://t.co/DetoEw4HNp https://t.co/2ktjDjVEdn","1793580959914471783","https://pbs.twimg.com/ext_tw_video_thumb/1793566853648048128/pu/img/jkejG41LEBc_gFnb.jpg","","in","jakarta pusat ","0","3","3","https://x.com/Crew2024/status/1793580959914471783","816772082084249600","Crew2024"
"1793456499571998824","Thu May 23 09:53:08 +0000 2024","0","@Novwj cek profil kita dong hehe","1793580917132546076","","Novwj","in","","0","0","0","https://x.com/ilyaspikal1/status/1793580917132546076","539158277","ilyaspikal1"
"1793580915207368747","Thu May 23 09:53:07 +0000 2024","0","starwin88 - starwin - slot 88 Link Daftar Alternatif | RTP GACOR https://t.co/y4YqiZfXo4 SWEET BONANZA 1000 EXCLUSIVE HADIR LEBIH AWAL DI STARWIN88 #starwin88 #starwin #zonauang #bali #jogja #jakarta #euro #euro2024 #sportbooks #slot #lapakcuan #tiktok #fyp„Ç∑„Çö #fyp #fyptiktok https://t.co/kgRFzFdDvS","1793580915207368747","https://pbs.twimg.com/media/GOQSyINbcAAZn2a.jpg","","in","Jakarta","0","0","0","https://x.com/starwin88_id/status/1793580915207368747","548414124","starwin88_id"
"1793580837801505004","Thu May 23 09:52:49 +0000 2024","0","starwin88 - starwin - slot 88 Link Daftar Alternatif | RTP GACOR https://t.co/WFar8PJt3z SWEET BONANZA 1000 EXCLUSIVE HADIR LEBIH AWAL DI STARWIN88 #starwin88 #starwin #zonauang #bali #jogja #jakarta #euro #euro2024 #sportbooks #slot #lapakcuan #tiktok #fyp„Ç∑„Çö #fyp #fyptiktok https://t.co/TBgyvMeeGy","1793580837801505004","https://pbs.twimg.com/media/GOQS5R2bIAAgmaw.jpg","","in","jakarta","0","0","0","https://x.com/_starwin88_/status/1793580837801505004","1218561018","_starwin88_"
"1793580682071232641","Thu May 23 09:52:12 +0000 2024","3","SLOT GACOR HARI INI LINK GACOR : https://t.co/midRSAmQEO https://t.co/uLV8nPA4xi","1793580682071232641","https://pbs.twimg.com/ext_tw_video_thumb/1793571226906152960/pu/img/vIi1VfYRP3mMLD7P.jpg","","in","jakarta","0","3","3","https://x.com/casinoslotparis/status/1793580682071232641","820472028071333889","casinoslotparis"
"1793580632343540046","Thu May 23 09:52:00 +0000 2024","0","PREDIKSI TOGEL CANADIA POOLS 23 MEI 2024 ANGKA MAIN : 9 6 3 7 4 COLOK BEBAS 2D : 4 &amp; 9 TOP 4D : 4693*7436*9637*6347 TOP 3D : 796*963*637*379*769 TOP 2D : 93*96*39*76*67*63 SHIO : ULAR ANGKA TWINS : 99 #japaneven #prediksi #slotgacor #yupitoto #angkajitu #harkitnas #Arsenal https://t.co/qz4CzEiOmt","1793580632343540046","https://pbs.twimg.com/media/GOQUEXCaIAEt9nK.png","","in","","0","0","0","https://x.com/yupitoto88/status/1793580632343540046","1746107999226085376","yupitoto88"
"1793580607660052548","Thu May 23 09:51:54 +0000 2024","0","starwin88 - starwin - slot 88 Link Daftar Alternatif | RTP GACOR https://t.co/uxTqqnKYUk SWEET BONANZA 1000 EXCLUSIVE HADIR LEBIH AWAL DI STARWIN88 #starwin88 #starwin #zonauang #bali #jogja #jakarta #euro #euro2024 #sportbooks #slot #lapakcuan #tiktok #fyp„Ç∑„Çö #fyp #fyptiktok https://t.co/cfl2qVUyBH","1793580607660052548","https://pbs.twimg.com/media/GOQTFJna8AACFLo.jpg","","in","indonesia","0","0","0","https://x.com/KancutGacor/status/1793580607660052548","1325870557","KancutGacor"
"1793580565469475252","Thu May 23 09:51:44 +0000 2024","0","starwin88 - starwin - slot 88 Link Daftar Alternatif | RTP GACOR https://t.co/PgAhWPDfNE SWEET BONANZA 1000 EXCLUSIVE HADIR LEBIH AWAL DI STARWIN88 #starwin88 #starwin #zonauang #bali #jogja #jakarta #euro #euro2024 #sportbooks #slot #lapakcuan #tiktok #fyp„Ç∑„Çö #fyp #fyptiktok https://t.co/UkZmAF8AcF","1793580565469475252","https://pbs.twimg.com/media/GOQTIbxa4AA-mhH.jpg","","in","indonesia","0","0","0","https://x.com/Lapak_Cuan/status/1793580565469475252","2239943908","Lapak_Cuan"
"1793580493465944422","Thu May 23 09:51:27 +0000 2024","0","Bukti Kemenangan Member HOBI4D 23 Mei Mau Seperti Ini Juga??? Buruan Daftar Deposit Pulsa Tanpa Potongan Member Baru Pasti WD WA: 087735212483 LINK: https://t.co/JvR2IsCNIw #HOBI4D #Depositpulsa #depopulsa #liga1 #premierleague #linkgacor #websiteterbaik #slotgacor https://t.co/wqeCJUSKzm","1793580493465944422","https://pbs.twimg.com/media/GOQT8c8aMAA-M2Q.jpg","","in","","0","0","0","https://x.com/hobi4d3/status/1793580493465944422","1195447067511947264","hobi4d3"
"1793580458082726258","Thu May 23 09:51:18 +0000 2024","0","Ô∏èRTP AKURAT SLOT GACOR HARI INI!!!Ô∏è Cara gampang untuk menang coba dan rasakan kemenangannya main di situs tergacor 2024 pastinya bikin nagih terus!! Temukan promo lainnya disini KLIK LINK DIBAWAH INI : https://t.co/2UPuVmTnRT #abghot #slotgacor #slotonline #MAXWIN https://t.co/lZmqK9aK7j","1793580458082726258","https://pbs.twimg.com/media/GOQTuEjaEAE-11F.jpg","","in","","0","0","0","https://x.com/PANGLIMA79SLOT/status/1793580458082726258","1682732631916679170","PANGLIMA79SLOT"
"1793580170911396332","Thu May 23 09:50:45 +0000 2024","0","@priemar1 slot gacor hari ini pasti cuan hanya di sini aja bosku yuk daftar dan mainkan sekarang juga bosku","1793580317607145569","","priemar1","in","JBC","0","0","0","https://x.com/syzwnsunday/status/1793580317607145569","310471388","syzwnsunday"
"1793580170911396332","Thu May 23 09:50:10 +0000 2024","4","slot gacor hari ini --|&gt; : https://t.co/K0B86J0FQE https://t.co/a09EHl1PE5","1793580170911396332","https://pbs.twimg.com/ext_tw_video_thumb/1793570553397444608/pu/img/WSnDzmQEfDdiNOVr.jpg","","in","","0","4","4","https://x.com/priemar1/status/1793580170911396332","632490749","priemar1"
"1793579983497310592","Thu May 23 09:49:58 +0000 2024","0","@mrs_styles311 slot gacor pasti cuan di sini aja bosku yuk daftar dan mainkan sekarang juga","1793580121452109869","","mrs_styles311","in","dihati anisa chibi","0","0","0","https://x.com/insomnisaJKTOFC/status/1793580121452109869","353774610","insomnisaJKTOFC"
"1793579983497310592","Thu May 23 09:49:45 +0000 2024","0","@mrs_styles311 slot gacor asli cuan bosku yuk daftar dan mainkan sekarang bosku","1793580067521700206","","mrs_styles311","in","","0","0","0","https://x.com/Justinbaca1/status/1793580067521700206","359007955","Justinbaca1"
"1793579991013441887","Thu May 23 09:49:27 +0000 2024","0","Octoplay88 New Game Gacor : Rainbow Jackpots Megaways Selalu Memberikan Maxwin yang Terbaik &gt;&gt; Link Join di Bio PP #octoplay88 #loginoctoplay88 #daftaroctoplay88 #linkoctoplay88 #euro2024OCTOPLAY88 #slotgacorindonesia #slotgacorterbaru #slotgacor #CashDrop #RainbowJackpots https://t.co/FafKesf3kK","1793579991013441887","https://pbs.twimg.com/media/GOQTa1WasAAcVwj.jpg","","in","indonesia","0","0","0","https://x.com/octoplay88asia/status/1793579991013441887","1773277120242069504","octoplay88asia"
"1793579983497310592","Thu May 23 09:49:25 +0000 2024","3","slot gacor hari ini --|&gt; : https://t.co/qdgdlU6lGB https://t.co/xBERjFd63W","1793579983497310592","https://pbs.twimg.com/ext_tw_video_thumb/1793570536012091392/pu/img/2qJ5mZi-YbbFS_Tm.jpg","","in","","0","3","3","https://x.com/mrs_styles311/status/1793579983497310592","633210193","mrs_styles311"
"1793579735966171469","Thu May 23 09:49:15 +0000 2024","0","@AkramDmk40 slot gacor pasti cuan di sini aja bosku yuk daftar dan mainkan sekarang juga di jamin cuan di sini aja bosku","1793579941340254470","","AkramDmk40","in","East Atlanta, Ga","0","0","0","https://x.com/OlSouthernGent/status/1793579941340254470","312357584","OlSouthernGent"
"1793579735966171469","Thu May 23 09:49:09 +0000 2024","0","@AkramDmk40 slot gacor pasti cuan di sini aja bosku di jamin cuan pokonya mah z11bet gada lawan deh","1793579915113267497","","AkramDmk40","in","","0","0","0","https://x.com/michadcruz/status/1793579915113267497","310674277","michadcruz"
"1793579735966171469","Thu May 23 09:49:02 +0000 2024","0","@AkramDmk40 slot gacor pasti cuan di sini aja bosku id jamin maxwin yuk daftar dan mainkan sekarang juga hanya di z11bet aja di jamin cuan","1793579886944354471","","AkramDmk40","in","JBC","0","0","0","https://x.com/syzwnsunday/status/1793579886944354471","310471388","syzwnsunday"
"1793579735966171469","Thu May 23 09:48:26 +0000 2024","3","slot gacor hari ini --|&gt; : https://t.co/9rfh7j5fsi https://t.co/GFvUCmIH96","1793579735966171469","https://pbs.twimg.com/ext_tw_video_thumb/1793570520623165440/pu/img/KEAOn0S0TiRt-FJN.jpg","","in","","0","3","3","https://x.com/AkramDmk40/status/1793579735966171469","633234325","AkramDmk40"
"1793579580416278697","Thu May 23 09:47:49 +0000 2024","6","INFO SLOT GACOR HARI INI AGEN SLOT ANTI RUNGKAT NEW MEMBER PASTI WD LINK GACOR : https://t.co/3g6e1VCfsI https://t.co/j2WpEYyQM3","1793579580416278697","https://pbs.twimg.com/ext_tw_video_thumb/1793579502301491200/pu/img/ZC500olTg7aLW8i6.jpg","","in","LINK GACOR ‚û°Ô∏è","0","5","5","https://x.com/KromaOrders/status/1793579580416278697","841029289780903938","KromaOrders"
"1793578690158449012","Thu May 23 09:45:09 +0000 2024","0","Link gacor hari ini","1793578908635562116","","videogacor12","in","","0","0","0","https://x.com/videogacor12/status/1793578908635562116","1788956772231008256","videogacor12"
"1793578904768360938","Thu May 23 09:45:08 +0000 2024","0","Situs angti RUNGKAT SERVER LUAR NEGERI #PELANGI4D tersedia ribuan game slot gacor Menang berapapun dibayar Proses DP / WD cepat !!! Bonus 10% Member Baru Tersedia Info Games RTP Tertinggi Setiap Hari Link Situs = ketik di google PELANGI4D #slotgame #situsrekomendasi https://t.co/jxwmx6HFLR","1793578904768360938","https://pbs.twimg.com/media/GOQSfsrboAAj4J9.jpg","","in","","0","0","0","https://x.com/Bos_pelangi4D/status/1793578904768360938","1690803591886639105","Bos_pelangi4D"
"1793578690158449012","Thu May 23 09:44:17 +0000 2024","1","INFO SLOT ONLINE GACOR HARI INI LINK SITUS GACOR : https://t.co/I3aCytQQgP https://t.co/XL7cL53QrL","1793578690158449012","https://pbs.twimg.com/ext_tw_video_thumb/1793578641336705024/pu/img/2tWVyJBXOUM42BZr.jpg","","in","","0","1","1","https://x.com/videogacor12/status/1793578690158449012","1788956772231008256","videogacor12"
"1793578685691523100","Thu May 23 09:44:16 +0000 2024","0","Bermian slot online yang terbaik dan terpercaya minimal deposit 10rb rupiah saja. #slotgacor #slotgcormaxwin #slotonline #linkslotonlineterbaik #wdberapapundibayar #benerslotgacor #slotpalingpopuler #slotbergaransikekalahan #bonusnewmember https://t.co/ijAjT0UMHB","1793578685691523100","https://pbs.twimg.com/media/GOQRfMba4AA5z6U.jpg","","in","","0","0","0","https://x.com/ningsihj595/status/1793578685691523100","1591718639769911296","ningsihj595"
"1793578497853825189","Thu May 23 09:43:31 +0000 2024","0","Fitur-Fitur Unggulan Slot Demo Gacor di Tayo4d https://t.co/3siZLaBvyW","1793578497853825189","","","in","","0","0","0","https://x.com/wartawankeren/status/1793578497853825189","1774430209649049600","wartawankeren"
"1793577543637008495","Thu May 23 09:40:23 +0000 2024","0","@xCvxcbgcfx slot gacor pasti cuan di sini aja bosku id jamin maxwin yuk daftar dan mainkan sekarang juga hanya di z11bet aja di jamin cuan","1793577706837471535","","xCvxcbgcfx","in","JBC","0","0","0","https://x.com/syzwnsunday/status/1793577706837471535","310471388","syzwnsunday"
"1793576958061838756","Thu May 23 09:40:20 +0000 2024","0","@videogacor11 Ini nih baru link gacor","1793577695093379147","","videogacor11","in","","0","0","0","https://x.com/videogacor13/status/1793577695093379147","1788959404370571264","videogacor13"
"1793577543637008495","Thu May 23 09:40:16 +0000 2024","0","@xCvxcbgcfx slot gacor pasti cuan di sini aja bosku yuk daftar dan mainkan sekarang juga di jamin cuan di sini aja bosku","1793577678601421085","","xCvxcbgcfx","in","","0","0","0","https://x.com/michadcruz/status/1793577678601421085","310674277","michadcruz"
"1793577648054243516","Thu May 23 09:40:09 +0000 2024","0","Inilah Keuntungan Bermain di Slot Demo Gacor https://t.co/5lAPkuBmoM","1793577648054243516","","","in","","0","0","0","https://x.com/DiamkuBermakna/status/1793577648054243516","1774699512160018432","DiamkuBermakna"
"1793576958061838756","Thu May 23 09:39:30 +0000 2024","0","@videogacor11 Mantap situs nya","1793577484870680704","","videogacor11","in","","0","0","0","https://x.com/videogacor12/status/1793577484870680704","1788956772231008256","videogacor12"
"1793577305975271654","Thu May 23 09:39:22 +0000 2024","0","@belu_ara slot gacor hari ini pasti cuan hanya di sini aja bosku yuk daftar dan mainkan sekarang juga bosku","1793577453971267977","","belu_ara","in","dihati anisa chibi","0","0","0","https://x.com/insomnisaJKTOFC/status/1793577453971267977","353774610","insomnisaJKTOFC"
"1793577409469727193","Thu May 23 09:39:12 +0000 2024","0","Pola Gacor VIP Terbaru Hari Ini dari GARUDA69 ~ Mau POLA terupdate seperti ini di akun Bosku ? UPGRADE AKUN ANDA MENJADI VIP-PRO ~ cek pola lainnya di klik link di bio @ofcGaruda69 #garuda69 #slotgacor #slotgacorhariini #slothariini #slotmaxwin #polaslotgacor #polagacorhariini https://t.co/l6gZUtnb4e","1793577409469727193","https://pbs.twimg.com/media/GOQRI0abAAEBRKK.jpg","","in","tebet","0","0","0","https://x.com/ofcGaruda69/status/1793577409469727193","931048910","ofcGaruda69"
"1793577305975271654","Thu May 23 09:39:10 +0000 2024","0","@belu_ara slot gacor pasti cuan di sini aja bosku yuk daftar dan mainkan sekarang juga","1793577404625203325","","belu_ara","in","","0","0","0","https://x.com/Justinbaca1/status/1793577404625203325","359007955","Justinbaca1"
"1793577349784772713","Thu May 23 09:38:57 +0000 2024","0","Pola Gacor VIP Terbaru Hari Ini dari GARUDA69 ~ Mau POLA terupdate seperti ini di akun Bosku ? UPGRADE AKUN ANDA MENJADI VIP-PRO ~ cek pola lainnya di klik link di bio @ofcGaruda69 #garuda69 #slotgacor #slotgacorhariini #slothariini #slotmaxwin #polaslotgacor #polagacorhariini https://t.co/zoHHla0T0k","1793577349784772713","https://pbs.twimg.com/media/GOQREQMboAAvQWb.jpg","","in","tebet","0","0","0","https://x.com/ofcGaruda69/status/1793577349784772713","931048910","ofcGaruda69"
"1793577002357911700","Thu May 23 09:38:20 +0000 2024","0","@officialz11bet slot gacor pasti cuan di sini aja bosku id jamin maxwin yuk daftar dan mainkan sekarang juga hanya di z11bet aja di jamin cuan","1793577194457030812","","officialz11bet","in","home","0","0","0","https://x.com/subratgrg/status/1793577194457030812","446158235","subratgrg"
"1793577002357911700","Thu May 23 09:38:14 +0000 2024","0","@officialz11bet slot gacor pasti cuan di sini aja bosku di jamin cuan pokonya mah z11bet gada lawan deh","1793577166510477672","","officialz11bet","in","East Atlanta, Ga","0","0","0","https://x.com/OlSouthernGent/status/1793577166510477672","312357584","OlSouthernGent"
"1793577002357911700","Thu May 23 09:38:07 +0000 2024","0","@officialz11bet slot gacor asli cuan bosku yuk daftar dan mainkan sekarang bosku","1793577139775955318","","officialz11bet","in","","0","0","0","https://x.com/michadcruz/status/1793577139775955318","310674277","michadcruz"
"1793577002357911700","Thu May 23 09:38:00 +0000 2024","0","@officialz11bet slot gacor hari ini pasti cuan hanya di sini aja bosku yuk daftar dan mainkan sekarang juga bosku","1793577110508040324","","officialz11bet","in","JBC","0","0","0","https://x.com/syzwnsunday/status/1793577110508040324","310471388","syzwnsunday"
"1793576994934055283","Thu May 23 09:37:33 +0000 2024","4"," Info slot gacor hari ini Slot server thailand Garansi kekalahan 100% Situs deposit 10k Event scatter hitam ùóüùóúùó°ùóû ùóöùóîùóñùó¢ùó• : https://t.co/DjDQZ0MHFH Perong pegang teguh zee 2024 M Zakir Naik Pegi Libur #slotgacor2024 #slotpgwallet #situsslotgacor https://t.co/USj7NpNU9D","1793576994934055283","https://pbs.twimg.com/ext_tw_video_thumb/1793576725928132608/pu/img/OhUSh-ULH21heylO.jpg","","in","indonesia","0","4","4","https://x.com/akabarfaisall/status/1793576994934055283","1756806867651862528","akabarfaisall"
"1793576958061838756","Thu May 23 09:37:24 +0000 2024","6","INFO SLOT ONLINE GACOR HARI INI LINK SITUS GACOR : https://t.co/NyLcNe1WON https://t.co/yUpaBsBXaz","1793576958061838756","https://pbs.twimg.com/ext_tw_video_thumb/1793576911765114882/pu/img/_32tFVWFU5VDEnYU.jpg","","in","","1","3","1","https://x.com/videogacor11/status/1793576958061838756","1777339133251522560","videogacor11"
"1793576821226967134","Thu May 23 09:36:51 +0000 2024","1","Login Ducati777 | Situs Slot Gacor Gen Z | Aman dan Terpercaya | Login : https://t.co/N6v7BHN152 https://t.co/zORaY6xOdo","1793576821226967134","https://pbs.twimg.com/media/GOQQfdraYAAjTaM.jpg","","in","batam, indonesia","0","0","0","https://x.com/Ducati777game/status/1793576821226967134","1780409187857731584","Ducati777game"
"1793576406460613055","Thu May 23 09:35:45 +0000 2024","0","@VilotteBowing slot gacor hari ini pasti cuan hanya di sini aja bosku yuk daftar dan mainkan sekarang juga bosku","1793576544163823944","","VilotteBowing","in","home","0","0","0","https://x.com/subratgrg/status/1793576544163823944","446158235","subratgrg"
